"","nest_id","nest_area","lat","long","intact","first_mon","last_mon","last_intact","last_occ","site_name","comments","landscape","county"
"1","002F","002",4906670,412260,"Yes",2000,"2013",2013,2013,"Lothrop Island","","interior","Androscoggin"
"2","003C","003",4898910,425194,"Yes",2000,"2014",2014,2014,"Goodwin Island","","interior","Kennebec"
"3","004C","004",4902570,436616,"Yes",2000,"2014",2014,2014,"Vaughn Brook upland","","coastal","Kennebec"
"4","005D","005",4890910,439363,"Yes",2001,"2014",2014,2014,"Nehumkeag Island","","coastal","Kennebec"
"5","006B","006",4891874,439961,"Yes",2009,"2014",2014,2014,"Bailey Corner vicinity shoreline","","coastal","Kennebec"
"6","007A","007",4880270,436986,"Yes",1964,"2013",2013,2013,"Little Swan Island","","coastal","Sagadahoc"
"7","008J","008",4877455,436398,"Yes",2008,"2013",2013,2010,"Swan Island - Shipyard Point vicinity","","coastal","Sagadahoc"
"8","009G","009",4872680,433841,"Yes",2011,"2014",2014,2014,"Abagdasset Point vicinity","","coastal","Sagadahoc"
"9","010E","010",4870970,431311,"Yes",1989,"2013",2013,2013,"Bald Head","","coastal","Sagadahoc"
"10","011I","011",4867420,434039,"Yes",2003,"2013",2013,2013,"Thorne Island","","coastal","Sagadahoc"
"11","013G","013",4859284,441020,"Yes",2007,"2013",2013,2013,"Tyler Islands","","coastal","Lincoln"
"12","014E","014",4878902,457451,"Yes",2008,"2013",2013,2013,"Damariscotta Mills vicinity","","interior","Lincoln"
"13","016G","016",4891356,501534,"Yes",2007,"2013",2013,2013,"Mark Island","","coastal","Knox"
"14","017F","017",4891970,516454,"Yes",2011,"2013",2013,2013,"Sheep Island","","coastal","Knox"
"15","020E","020",4918770,520460,"Yes",2001,"2013",2013,2013,"Mills Point","","coastal","Hancock"
"16","021E","021",4914864,525323,"Yes",2013,"2013",2013,2013,"Ram Island","","coastal","Hancock"
"17","022A","022",4910704,533612,"Yes",1978,"2013",2013,2013,"Carleton Island vicinity islet","","coastal","Hancock"
"18","023H","023",4886982,551290,"Yes",2013,"2013",2013,0,"Crow Island","No documented occupancy by eagles during surveys conducted through 2013 at this nest.","coastal","Hancock"
"19","024D","024",4892253,550272,"Yes",2007,"2013",2013,2013,"Placentia Island","","coastal","Hancock"
"20","026F","026",4911617,553946,"Yes",2011,"2013",2013,2013,"Bar Island","","coastal","Hancock"
"21","027A","027",4910658,544129,"Yes",1978,"2013",2013,2013,"Bartlett Island - Western Point vicinity","","coastal","Hancock"
"22","028D","028",4920090,552866,"Yes",1988,"2013",2013,2013,"South Twinnie Island","","coastal","Hancock"
"23","029H","029",4930699,544299,"Yes",2003,"2013",2013,2013,"Black Point vicinity upland","","coastal","Hancock"
"24","030C","030",4947276,549526,"Yes",2004,"2013",2013,2013,"Poplar Knoll","","interior","Hancock"
"25","031G","031",4929557,557860,"Yes",2012,"2013",2013,2013,"Hills Island","","coastal","Hancock"
"26","032F","032",4930812,555098,"Yes",2006,"2013",2013,2013,"Stewart Island","","coastal","Hancock"
"27","033I","033",4934358,557915,"Yes",1995,"2013",2013,2011,"Butler Point","","coastal","Hancock"
"28","034D","034",4936830,560664,"Yes",1966,"2013",2013,2011,"Buckskin Island","","coastal","Hancock"
"29","035D","035",4925100,563288,"Yes",1997,"2013",2013,2013,"Bean Island","","coastal","Hancock"
"30","036F","036",4930130,562067,"Yes",1998,"2013",2013,2013,"Falls Point","","coastal","Hancock"
"31","037J","037",4923840,567046,"Yes",2001,"2013",2013,2013,"Calf Island","","coastal","Hancock"
"32","038E","038",4924680,570659,"Yes",1994,"2013",2013,2013,"Hog Island","","coastal","Hancock"
"33","039B","039",4921740,568644,"Yes",1962,"2013",2013,2013,"Stave Island","","coastal","Hancock"
"34","040D","040",4916790,566423,"Yes",1983,"2013",2013,2013,"Long Porcupine Island","","coastal","Hancock"
"35","041D","041",4916588,564275,"Yes",1987,"2013",2013,2013,"Sheep Porcupine Island","","coastal","Hancock"
"36","042D","042",4914822,569053,"Yes",1999,"2013",2013,2013,"Ironbound Island","","coastal","Hancock"
"37","043J","043",4908928,577140,"Yes",2013,"2013",2013,2013,"Schoodic Island","","coastal","Hancock"
"38","044A","044",4922341,584155,"Yes",1977,"2013",2013,2013,"Dyer Neck","","coastal","Washington"
"39","045B","045",4927008,581852,"Yes",2005,"2013",2013,2013,"Parritt Point","","coastal","Washington"
"40","046F","046",4922634,591464,"Yes",2005,"2013",2013,2013,"Middle Douglas Island","","coastal","Washington"
"41","047A","047",4925142,595287,"Yes",1968,"2013",2013,2013,"Shipstern Island","","coastal","Washington"
"42","048H","048",4930127,595078,"Yes",2013,"2013",2013,2013,"Strout Island","","coastal","Washington"
"43","049H","049",4932754,598041,"Yes",2004,"2013",2013,2013,"Mink Island","","coastal","Washington"
"44","051F","051",4927230,602873,"Yes",2002,"2013",2013,2013,"Ram Island","","coastal","Washington"
"45","052J","052",4931013,605786,"Yes",2008,"2013",2013,2013,"Inner Goose Island","","coastal","Washington"
"46","053E","053",4928146,614744,"Yes",2013,"2013",2013,2013,"Little Hardwood Island","","coastal","Washington"
"47","054C","054",4931964,616430,"Yes",2007,"2013",2013,2013,"Mark Island","","coastal","Washington"
"48","055D","055",4936130,621291,"Yes",1998,"2013",2013,2013,"Anguilla Island","","coastal","Washington"
"49","056G","056",4941095,617228,"Yes",2009,"2013",2013,2013,"Little Ram Island","","coastal","Washington"
"50","057E","057",4947117,629552,"Yes",2004,"2013",2013,2013,"Salt Island","","coastal","Washington"
"51","058E","058",4952350,623284,"Yes",1986,"2013",2013,2013,"Meserve Head vicinity","","coastal","Washington"
"52","059D","059",4962250,620176,"Yes",2001,"2013",2013,2013,"Hadley Lake inlet","","interior","Washington"
"53","060D","060",4960465,629709,"Yes",2011,"2013",2013,2013,"Gardner Lake island","","interior","Washington"
"54","062C","062",4962920,644360,"Yes",1979,"2013",2013,2013,"Whiting Bay upland","","coastal","Washington"
"55","063E","063",4966314,646029,"Yes",2010,"2013",2013,2013,"Burnt Cove islet","","coastal","Washington"
"56","064A","064",4970300,646093,"Yes",1964,"2013",2013,2013,"Birch Islands","","coastal","Washington"
"57","065D","065",4973360,645299,"Yes",1997,"2013",2013,2013,"Wilbur Neck","","coastal","Washington"
"58","066F","066",4974460,640793,"Yes",1983,"2013",2013,2013,"Clark Point vicinity","","coastal","Washington"
"59","067I","067",4976759,646722,"Yes",2005,"2013",2013,2013,"Coggins Head","","coastal","Washington"
"60","068C","068",4971958,649018,"Yes",2006,"2013",2013,2013,"Mink Island","","coastal","Washington"
"61","069E","069",4978183,648337,"Yes",2001,"2013",2013,2013,"Sipp Bay shoreline","","coastal","Washington"
"62","070D","070",4969500,653035,"Yes",2002,"2013",2013,2013,"Horan Head","","coastal","Washington"
"63","071D","071",4983926,648056,"Yes",1997,"2013",2013,2013,"Boyden Lake outlet","","interior","Washington"
"64","072F","072",4999360,639110,"Yes",2001,"2013",2013,2008,"Nashs Lake outlet vicinity","","interior","Washington"
"65","073F","073",5000734,634742,"Yes",1990,"2013",2013,2013,"","","interior","Washington"
"66","074D","074",4994678,612957,"Yes",2004,"2013",2013,2013,"","","interior","Washington"
"67","075D","075",4987371,557527,"Yes",1998,"2013",2013,2013,"","","interior","Hancock"
"68","076D","076",4988744,567128,"Yes",2007,"2013",2013,2013,"","","interior","Hancock"
"69","077B","077",4996925,586783,"Yes",1994,"2013",2013,2009,"","","interior","Washington"
"70","080C","080",5000600,603011,"Yes",1998,"2013",2013,2012,"","","interior","Washington"
"71","081C","081",5013280,582699,"Yes",1985,"2013",2013,2013,"","","interior","Penobscot"
"72","083D","083",5033217,610757,"Yes",2002,"2013",2013,2013,"Todd Farm vicinity","","interior","Washington"
"73","084D","084",5037803,590723,"Yes",1993,"2013",2013,2013,"Pine Island","","interior","Washington"
"74","085G","085",5052089,589422,"Yes",2013,"2013",2013,2013,"","","interior","Washington"
"75","088H","088",5077474,494786,"Yes",2013,"2013",2013,2013,"","","interior","Piscataquis"
"76","089B","089",5067206,503880,"Yes",1977,"2013",2013,2013,"","","interior","Piscataquis"
"77","090A","090",5128093,476379,"Yes",1967,"2013",2013,2013,"","","interior","Piscataquis"
"78","092H","092",5066150,456469,"Yes",2012,"2013",2013,2013,"","","interior","Piscataquis"
"79","094D","094",4940119,513718,"Yes",2008,"2013",2013,2009,"","","coastal","Hancock"
"80","095B","095",5001395,528965,"Yes",1983,"2013",2013,2013,"","","interior","Penobscot"
"81","096C","096",5014486,528378,"Yes",2004,"2013",2013,2013,"","","interior","Penobscot"
"82","097D","097",5048874,542561,"Yes",2002,"2013",2013,2013,"","","interior","Penobscot"
"83","098D","098",5056104,528309,"Yes",1997,"2013",2013,2013,"","","interior","Penobscot"
"84","099C","099",4841201,417255,"Yes",2013,"2013",2013,2013,"Haskell Island","","coastal","Cumberland"
"85","101C","101",4974661,643409,"Yes",1997,"2013",2013,2013,"Liza Dunn Point shoreline","","coastal","Washington"
"86","102B","102",4883674,438436,"Yes",2002,"2014",2014,2014,"Courthouse Point vicinity","","coastal","Lincoln"
"87","106D","106",4884255,480669,"Yes",1996,"2013",2013,2013,"Clemment Point vicinity","","coastal","Knox"
"88","107G","107",4877424,508351,"Yes",2013,"2013",2013,2013,"Crane Island islet","","coastal","Knox"
"89","108E","108",4882130,515279,"Yes",1996,"2013",2013,2013,"Penobscot Island","","coastal","Knox"
"90","109A","109",4887000,514370,"Yes",1962,"2013",2013,2013,"Stimpsons Island","","coastal","Knox"
"91","111G","111",4938178,619471,"Yes",2010,"2013",2013,2011,"Marsh Island","","coastal","Washington"
"92","114A","114",5112827,519001,"Yes",1969,"2013",2013,0,"Hay Pond islet","Nest was used only by ospreys during the period 1980 - 2013.","interior","Penobscot"
"93","116F","116",5186758,516019,"Yes",2013,"2013",2013,2013,"","","interior","Aroostook"
"94","118B","118",4970390,635997,"Yes",1997,"2013",2013,2013,"","","interior","Washington"
"95","119G","119",4927117,614058,"Yes",2011,"2013",2013,2013,"Mink Island","","coastal","Washington"
"96","121C","121",4942090,636171,"Yes",1995,"2013",2013,2013,"Mink Island","","coastal","Washington"
"97","123B","123",4979094,644834,"Yes",2007,"2013",2013,2013,"","","coastal","Washington"
"98","124A","124",4989290,602457,"Yes",1981,"2013",2013,2013,"","","interior","Washington"
"99","125G","125",4926982,608688,"Yes",2013,"2013",2013,2013,"Outer Ram Island","","coastal","Washington"
"100","126D","126",4964938,630757,"Yes",2013,"2013",2013,2013,"Second Lake island","","interior","Washington"
"101","127E","127",4934700,599835,"Yes",2005,"2013",2013,2013,"","","coastal","Washington"
"102","128C","128",4942550,623870,"Yes",2007,"2013",2013,2013,"Hope Island","","coastal","Washington"
"103","129E","129",4998497,645937,"Yes",2013,"2013",2013,2013,"","","coastal","Washington"
"104","130D","130",5000907,614701,"Yes",2013,"2013",2013,2013,"","","interior","Washington"
"105","132B","132",4994000,634888,"Yes",1997,"2013",2013,2013,"Bald Mountain","","interior","Washington"
"106","133B","133",4978612,649308,"Yes",2001,"2013",2013,2013,"","","coastal","Washington"
"107","137D","137",5065825,593599,"Yes",2009,"2013",2013,2013,"Five Islands","","interior","Aroostook"
"108","138H","138",4889611,560246,"Yes",2008,"2013",2013,2013,"Great Duck Island","","coastal","Hancock"
"109","139E","139",5154308,492092,"Yes",2013,"2013",2013,2013,"","","interior","Piscataquis"
"110","140D","140",5012320,617132,"Yes",2006,"2013",2013,2013,"","","interior","Washington"
"111","141C","141",5053050,518842,"Yes",2002,"2013",2013,2013,"","","interior","Penobscot"
"112","142D","142",4958910,579628,"Yes",2007,"2013",2013,2013,"","","interior","Washington"
"113","143C","143",5090779,564592,"Yes",2013,"2013",2013,2013,"Norway Island","","interior","Aroostook"
"114","144D","144",4923732,586258,"Yes",2008,"2013",2013,2013,"Sheep Island","","coastal","Washington"
"115","145D","145",4924366,578807,"Yes",2001,"2013",2013,2013,"Williams Point","","coastal","Hancock"
"116","146C","146",4877540,531156,"Yes",1987,"2013",2013,2013,"Long Pond upland","","coastal","Knox"
"117","148D","148",4929710,609022,"Yes",2008,"2013",2013,2013,"East Sheep Island","","coastal","Washington"
"118","149D","149",5025567,538333,"Yes",2010,"2013",2013,2013,"Mattanawcook Island","","interior","Penobscot"
"119","151A","151",5034385,546374,"Yes",1986,"2013",2013,2013,"","","interior","Penobscot"
"120","152F","152",4885655,540642,"Yes",2003,"2013",2013,2013,"Ringtown Island","","coastal","Hancock"
"121","153E","153",4930224,613683,"Yes",2006,"2013",2013,2013,"Sheep Island","","coastal","Washington"
"122","154C","154",5023630,535594,"Yes",1995,"2013",2013,2013,"","","interior","Penobscot"
"123","155D","155",4869120,465911,"Yes",1992,"2013",2013,2013,"Hog Island","","coastal","Lincoln"
"124","156G","156",5008057,389305,"Yes",2013,"2013",2013,2013,"","","interior","Somerset"
"125","157B","157",4899190,520768,"Yes",1989,"2013",2013,2013,"Crow Island","","coastal","Hancock"
"126","159A","159",4967830,482786,"Yes",1988,"2013",2013,2013,"","","interior","Penobscot"
"127","161C","161",4985612,646209,"Yes",2013,"2013",2013,2013,"Boyden Lake mid-southern shoreline","","interior","Washington"
"128","163C","163",5120210,451029,"Yes",1990,"2013",2013,2013,"","","interior","Piscataquis"
"129","164C","164",4953457,627026,"Yes",2001,"2013",2013,2013,"The Rim vicinity","","coastal","Washington"
"130","165E","165",4971570,658654,"Yes",2013,"2013",2013,2013,"Treat Island","","coastal","Washington"
"131","166B","166",4930891,519231,"Yes",1994,"2013",2013,2013,"","","coastal","Hancock"
"132","167D","167",4928585,598905,"Yes",2007,"2013",2013,2013,"Eagle Island","","coastal","Washington"
"133","168D","168",4853954,435831,"Yes",2005,"2013",2013,2013,"Ram Island","","coastal","Sagadahoc"
"134","169E","169",4917643,540904,"Yes",2003,"2013",2013,2013,"Jed Island","","coastal","Hancock"
"135","171G","171",4973244,642810,"Yes",2013,"2013",2013,2013,"","","coastal","Washington"
"136","172B","172",5003824,542702,"Yes",2013,"2013",2013,2013,"","","interior","Penobscot"
"137","173D","173",5142129,476993,"Yes",2004,"2013",2013,2013,"","","interior","Piscataquis"
"138","174C","174",5025358,524522,"Yes",2013,"2013",2013,2013,"Birch Island","","interior","Penobscot"
"139","175B","175",5036820,507584,"Yes",1999,"2013",2013,2013,"Sand Island","","interior","Piscataquis"
"140","176C","176",5036568,525087,"Yes",2013,"2013",2013,2013,"","","interior","Penobscot"
"141","177B","177",5044860,438930,"Yes",1994,"2013",2013,2013,"","","interior","Somerset"
"142","178D","178",4868965,429428,"Yes",2003,"2014",2014,2014,"Pleasant Point","","coastal","Sagadahoc"
"143","179F","179",4884111,526718,"Yes",2006,"2013",2013,2013,"Hardwood Island","","coastal","Knox"
"144","180D","180",4940008,625982,"Yes",2013,"2013",2013,2013,"","","coastal","Washington"
"145","181F","181",5119668,458620,"Yes",2013,"2013",2013,2013,"","","interior","Piscataquis"
"146","182A","182",5086020,431739,"Yes",1989,"2013",2013,2013,"","","interior","Somerset"
"147","183B","183",4937073,615862,"Yes",2006,"2013",2013,2013,"Parker Head","","coastal","Washington"
"148","184B","184",4995230,527934,"Yes",1995,"2013",2013,2013,"","","interior","Penobscot"
"149","185C","185",5053651,429112,"Yes",2007,"2013",2013,2013,"","","interior","Somerset"
"150","186B","186",5104341,470419,"Yes",1999,"2013",2013,2013,"Gero Island","","interior","Piscataquis"
"151","189F","189",5020312,583250,"Yes",2011,"2013",2013,2013,"","","interior","Washington"
"152","190F","190",5044968,547760,"Yes",2010,"2013",2013,2013,"","","interior","Penobscot"
"153","191D","191",4868541,493439,"Yes",2010,"2013",2013,2013,"Crow Island","","coastal","Knox"
"154","192C","192",4886984,439446,"Yes",2011,"2014",2014,2014,"","","coastal","Lincoln"
"155","193E","193",4901474,513234,"Yes",2010,"2013",2013,2013,"West Barred Island","","coastal","Hancock"
"156","194B","194",4970280,659272,"Yes",1992,"2013",2013,2013,"Pope Folly Island","","coastal","Washington"
"157","195B","195",4929880,606479,"Yes",1997,"2013",2013,2013,"Hardwood Island","","coastal","Washington"
"158","196B","196",4926294,605142,"Yes",2005,"2013",2013,2013,"Toms Island","","coastal","Washington"
"159","197H","197",4933224,558465,"Yes",2003,"2013",2013,2013,"Burying Island","","coastal","Hancock"
"160","198D","198",4885993,545965,"Yes",2003,"2013",2013,2013,"Inner Baker Island","","coastal","Hancock"
"161","199D","199",4963269,523280,"Yes",2011,"2014",2014,2014,"","","interior","Penobscot"
"162","200A","200",5005730,580573,"Yes",1991,"2013",2013,2013,"Big Island","","interior","Washington"
"163","201A","201",4914631,547717,"Yes",1992,"2013",2013,2013,"Black Island","","coastal","Hancock"
"164","202D","202",4851874,415826,"Yes",1999,"2013",2013,2013,"Williams Island","","coastal","Cumberland"
"165","203B","203",4951370,467164,"Yes",1999,"2013",2013,2013,"","","interior","Waldo"
"166","204B","204",4865803,428558,"Yes",1993,"2014",2014,2014,"West Freyee Island","","coastal","Sagadahoc"
"167","205C","205",5018393,558173,"Yes",2009,"2013",2013,2013,"","","interior","Penobscot"
"168","207F","207",5207670,548543,"Yes",2013,"2013",2013,2013,"","","interior","Aroostook"
"169","209C","209",5045117,459091,"Yes",2003,"2013",2013,2013,"Mud Pond island","","interior","Piscataquis"
"170","210D","210",4912032,518022,"Yes",1998,"2013",2013,1998,"","","coastal","Hancock"
"171","211D","211",4945765,643164,"Yes",2010,"2013",2013,2013,"Little River Island","","coastal","Washington"
"172","212C","212",4874908,450436,"Yes",2013,"2013",2013,2013,"","","coastal","Lincoln"
"173","213A","213",5009476,528843,"Yes",1993,"2013",2013,2013,"","","interior","Penobscot"
"174","214D","214",5052586,531844,"Yes",2000,"2013",2013,2013,"","","interior","Penobscot"
"175","215D","215",4883141,534113,"Yes",2010,"2013",2013,2013,"Fog Island","","coastal","Knox"
"176","216C","216",5158406,471750,"Yes",2007,"2013",2013,2013,"Umsaskis Lake upland","","interior","Aroostook"
"177","217C","217",4860677,453879,"Yes",2004,"2013",2013,2013,"Hodgdon Island","","coastal","Lincoln"
"178","218A","218",4968927,648500,"Yes",1993,"2013",2013,2013,"Inner Talbot Island","","coastal","Washington"
"179","219B","219",4961490,338830,"Yes",1994,"2013",2013,2013,"","","interior","Oxford"
"180","220B","220",4950254,512515,"Yes",2003,"2013",2013,2013,"Penobscot River shoreline","","coastal","Penobscot"
"181","222D","222",4968676,621135,"Yes",2006,"2013",2013,2013,"Rocky Lake islet","","interior","Washington"
"182","224C","224",4943200,638795,"Yes",2002,"2013",2013,2013,"Cape Wash Island","","coastal","Washington"
"183","225B","225",4977094,354759,"Yes",2011,"2013",2013,2013,"Shelter Island","","interior","Oxford"
"184","226D","226",5213391,550108,"Yes",2013,"2013",2013,2013,"","","interior","Aroostook"
"185","227C","227",5223550,555464,"Yes",2002,"2013",2013,2013,"","","interior","Aroostook"
"186","228F","228",5186594,538117,"Yes",2013,"2013",2013,2013,"","","interior","Aroostook"
"187","229G","229",4896564,532611,"Yes",2012,"2013",2013,2012,"Little Bear Island","","coastal","Hancock"
"188","230B","230",4891173,346507,"Yes",2012,"2013",2013,2013,"","","interior","Oxford"
"189","231E","231",4974856,459182,"Yes",2013,"2013",2013,2013,"Round Island","","interior","Somerset"
"190","232C","232",4949040,632231,"Yes",2013,"2013",2013,2013,"Hog Island","","coastal","Washington"
"191","233A","233",4983289,650833,"Yes",1994,"2013",2013,2013,"Boyden Stream upland","","coastal","Washington"
"192","234A","234",5009610,589704,"Yes",1994,"2013",2013,2013,"Columbus Island","","interior","Washington"
"193","235C","235",5143339,485473,"Yes",2004,"2013",2013,2013,"Spider Lake inlet","","interior","Piscataquis"
"194","236D","236",5051810,524899,"Yes",2004,"2013",2013,2013,"","","interior","Penobscot"
"195","238B","238",4870212,484111,"Yes",2007,"2013",2013,2011,"George's Drive shoreline","","coastal","Knox"
"196","239B","239",4978010,561022,"Yes",2003,"2013",2013,2013,"","","interior","Hancock"
"197","240C","240",4863291,446788,"Yes",2012,"2013",2013,2013,"Tibbett Island","","coastal","Lincoln"
"198","241A","241",4919077,560203,"Yes",1995,"2014",2014,2014,"Lookout Point vicinity","","coastal","Hancock"
"199","242B","242",4932978,592470,"Yes",2005,"2013",2013,2013,"Pinkham Island","","coastal","Washington"
"200","244B","244",4923485,434628,"Yes",1999,"2013",2013,2012,"Pinewood Drive shoreline","","interior","Kennebec"
"201","245B","245",5052697,505551,"Yes",2005,"2013",2013,2013,"","","interior","Penobscot"
"202","246C","246",4906821,543730,"Yes",2010,"2013",2013,2013,"Hardwood Island","","coastal","Hancock"
"203","248B","248",5064660,540034,"Yes",1996,"2013",2013,2013,"","","interior","Penobscot"
"204","249D","249",4854714,445307,"Yes",2008,"2013",2013,2013,"Green Islands","","coastal","Lincoln"
"205","250B","250",4909118,506078,"Yes",2007,"2013",2013,2013,"Ram Island","","coastal","Waldo"
"206","251D","251",4934949,455926,"Yes",2007,"2013",2013,2013,"","","interior","Kennebec"
"207","252F","252",4970429,354274,"Yes",2012,"2013",2013,2013,"Upper Dam vicinity","","interior","Oxford"
"208","254G","254",4899510,560133,"Yes",2013,"2013",2013,2013,"Fish Point vicinity","","coastal","Hancock"
"209","256C","256",5007880,610148,"Yes",1996,"2013",2013,2013,"","","interior","Washington"
"210","257B","257",4854463,423730,"Yes",2008,"2013",2013,2009,"","","coastal","Cumberland"
"211","258A","258",5017849,577161,"Yes",1995,"2013",2013,2013,"","","interior","Penobscot"
"212","259D","259",5005497,604823,"Yes",2013,"2013",2013,2013,"","","interior","Washington"
"213","260B","260",5012877,610915,"Yes",2009,"2013",2013,2013,"","","interior","Washington"
"214","262C","262",4924264,445217,"Yes",2012,"2013",2013,2013,"West River Road upland, North Sidney","","coastal","Kennebec"
"215","263C","263",4964746,646820,"Yes",2013,"2013",2013,2013,"Freds Islands","","coastal","Washington"
"216","264A","264",5082150,481438,"Yes",1996,"2013",2013,2013,"","","interior","Piscataquis"
"217","265B","265",4924123,609773,"Yes",2013,"2013",2013,2013,"Browney Island","","coastal","Washington"
"218","266B","266",4999664,628353,"Yes",2009,"2013",2013,2009,"","","interior","Washington"
"219","267B","267",4919733,591111,"Yes",2004,"2013",2013,2013,"Bois Bubert Island","","coastal","Washington"
"220","268C","268",4849369,409271,"Yes",2008,"2013",2013,2013,"Lanes Island","","coastal","Cumberland"
"221","269C","269",5043091,548377,"Yes",2003,"2013",2013,2009,"","","interior","Penobscot"
"222","270F","270",4942317,474395,"Yes",2009,"2013",2013,2013,"","","interior","Waldo"
"223","271C","271",4931649,500682,"Yes",2013,"2013",2013,2013,"","","interior","Waldo"
"224","272D","272",4882811,440211,"Yes",2011,"2014",2014,2014,"","","coastal","Lincoln"
"225","273B","273",5004296,637532,"Yes",2007,"2013",2013,2013,"","","coastal","Washington"
"226","274B","274",4892036,403719,"Yes",1999,"2014",2014,2014,"","","interior","Androscoggin"
"227","275E","275",4985769,476494,"Yes",2012,"2013",2013,0,"","No documented occupancy by eagles during surveys conducted through 2013 at this nest.","interior","Penobscot"
"228","276D","276",4874960,510898,"Yes",2003,"2013",2013,2013,"Greens Island - Heron Neck","","coastal","Knox"
"229","277B","277",4972949,528591,"Yes",2013,"2013",2013,2013,"","","interior","Penobscot"
"230","278C","278",4939182,453281,"Yes",2006,"2013",2013,2013,"","","interior","Kennebec"
"231","279C","279",5158433,487782,"Yes",2003,"2013",2013,2009,"","","interior","Aroostook"
"232","280A","280",5059186,440603,"Yes",1998,"2013",2013,2013,"","","interior","Piscataquis"
"233","281A","281",5011110,391353,"Yes",1994,"2013",2013,2013,"""Old"" Flagstaff Lake islands","","interior","Somerset"
"234","282A","282",4946616,367667,"Yes",1998,"2013",2013,2013,"","","interior","Oxford"
"235","283B","283",5048950,615181,"Yes",2004,"2013",2013,2013,"","","interior","Washington"
"236","285C","285",5062113,509742,"Yes",2013,"2013",2013,0,"","","interior","Piscataquis"
"237","286A","286",4920714,555710,"Yes",1998,"2013",2013,2013,"Leland Point","","coastal","Hancock"
"238","287B","287",4940306,432686,"Yes",2005,"2013",2013,2011,"Little North Pond peninsula","","interior","Kennebec"
"239","288C","288",4942105,614316,"Yes",2013,"2013",2013,2013,"","","coastal","Washington"
"240","289C","289",5054802,528210,"Yes",2004,"2013",2013,2013,"","","interior","Penobscot"
"241","290C","290",4850451,435574,"Yes",2013,"2013",2013,2013,"Weasel Point area","","coastal","Sagadahoc"
"242","291A","291",4957600,429562,"Yes",1999,"2013",2013,2013,"","","interior","Somerset"
"243","292C","292",4847079,452885,"Yes",2009,"2013",2013,2013,"Outer Heron Island","","coastal","Lincoln"
"244","293B","293",4912501,525725,"Yes",1999,"2013",2013,2013,"","","coastal","Hancock"
"245","294B","294",4883245,512025,"Yes",2007,"2013",2013,2013,"Spectacle Island","","coastal","Knox"
"246","295C","295",4868057,471539,"Yes",2013,"2013",2013,2013,"Ram Island","","coastal","Knox"
"247","297C","297",4911705,571927,"Yes",2005,"2013",2013,2013,"Turtle Island","","coastal","Hancock"
"248","298C","298",4945667,630234,"Yes",2003,"2013",2013,2013,"Bare Island","","coastal","Washington"
"249","299A","299",5058653,553518,"Yes",2000,"2013",2013,2013,"","","interior","Aroostook"
"250","300B","300",4926037,544694,"Yes",2013,"2013",2013,2013,"Weymouth Point vicinity","","coastal","Hancock"
"251","301C","301",5003957,422456,"Yes",2011,"2013",2013,2013,"Henhawk Island","","interior","Somerset"
"252","302A","302",5004160,396893,"Yes",2000,"2013",2013,2013,"","","interior","Somerset"
"253","303C","303",4894181,518306,"Yes",2009,"2013",2013,2013,"Outer Porcupine Island","","coastal","Hancock"
"254","304D","304",5004357,529629,"Yes",2007,"2013",2013,2013,"Tarbox Island","","interior","Penobscot"
"255","305A","305",4962870,533399,"Yes",2000,"2013",2013,2013,"","","interior","Penobscot"
"256","306B","306",4900927,491083,"Yes",2005,"2013",2013,2013,"Fernalds Neck shoreline","","interior","Waldo"
"257","307C","307",4890949,544757,"Yes",2006,"2013",2013,2013,"Roderick Head","","coastal","Hancock"
"258","308C","308",4917316,448360,"Yes",2012,"2013",2013,2013,"Webber Pond shoreline - 56 Birch Point Road","","interior","Kennebec"
"259","309B","309",5045840,401476,"Yes",2003,"2013",2013,2013,"Attean Pond islet","","interior","Somerset"
"260","310B","310",4911184,576476,"Yes",2010,"2013",2013,2013,"Rolling Island","","coastal","Hancock"
"261","312C","312",4908814,521582,"Yes",2005,"2013",2013,2013,"Grays Point area shoreline","","coastal","Hancock"
"262","313D","313",4883013,550718,"Yes",2010,"2013",2013,2013,"Southwest Point","","coastal","Hancock"
"263","314G","314",4901841,541562,"Yes",2011,"2013",2013,2013,"Tinker Island","","coastal","Hancock"
"264","315A","315",4932185,592538,"Yes",2000,"2013",2013,2013,"Foster Island","","coastal","Washington"
"265","316E","316",4856892,427034,"Yes",2010,"2013",2013,2010,"Lower Coombs Island","","coastal","Cumberland"
"266","317B","317",4906475,447487,"Yes",2007,"2013",2013,2013,"South Belfast Avenue area - middle islet","","interior","Kennebec"
"267","318A","318",4979116,513342,"Yes",2000,"2013",2013,2013,"","","interior","Penobscot"
"268","319B","319",4953096,520388,"Yes",2008,"2013",2013,2013,"","","interior","Penobscot"
"269","320B","320",5074209,419123,"Yes",2013,"2013",2013,2013,"","","interior","Somerset"
"270","321B","321",5140460,453443,"Yes",2001,"2013",2013,2013,"","","interior","Piscataquis"
"271","322A","322",5135326,482815,"Yes",2000,"2013",2013,2013,"","","interior","Piscataquis"
"272","323A","323",5029540,540330,"Yes",2000,"2013",2013,2013,"","","interior","Penobscot"
"273","324B","324",4903231,520668,"Yes",2000,"2013",2013,2013,"Outer Scott Island","","coastal","Hancock"
"274","325A","325",4945630,513814,"Yes",2001,"2013",2013,2013,"","","coastal","Waldo"
"275","326B","326",4889554,533496,"Yes",2001,"2013",2013,2013,"Shingle Island","","coastal","Hancock"
"276","327A","327",4940720,533356,"Yes",2001,"2013",2013,2013,"Teacher Island","","interior","Hancock"
"277","328B","328",4877002,527668,"Yes",2006,"2013",2013,2013,"Moores Head","","coastal","Knox"
"278","329A","329",4924791,585914,"Yes",2001,"2013",2013,2013,"Pop Island","","coastal","Washington"
"279","333B","333",4902800,421881,"Yes",2002,"2014",2014,2014,"""Town Line"" Island","","interior","Kennebec"
"280","334A","334",4871635,410227,"Yes",2001,"2014",2014,2014,"","","interior","Androscoggin"
"281","335C","335",4873577,456575,"Yes",2010,"2013",2013,2013,"Hog Island","","coastal","Lincoln"
"282","336A","336",4915841,485676,"Yes",2001,"2013",2013,2013,"","","interior","Waldo"
"283","337B","337",5183018,587015,"Yes",2009,"2013",2013,2013,"","","interior","Aroostook"
"284","338C","338",5018780,530762,"Yes",2003,"2013",2013,2013,"","","interior","Penobscot"
"285","339D","339",4921150,511140,"Yes",2003,"2013",2013,2013,"Squaws Head","","coastal","Waldo"
"286","340E","340",4903437,506251,"Yes",2011,"2013",2013,2013,"","","coastal","Waldo"
"287","341D","341",4928206,416645,"Yes",2011,"2013",2013,2013,"","","interior","Franklin"
"288","342C","342",4923067,612887,"Yes",2013,"2013",2013,2013,"","","coastal","Washington"
"289","343B","343",5151362,508268,"Yes",2008,"2013",2013,2013,"","","interior","Piscataquis"
"290","344B","344",5104203,572794,"Yes",2006,"2013",2013,2013,"","","interior","Aroostook"
"291","345C","345",4858229,434192,"Yes",2009,"2013",2013,2013,"","","coastal","Sagadahoc"
"292","346B","346",4919475,551498,"Yes",2010,"2014",2014,2013,"","","coastal","Hancock"
"293","348C","348",5167251,514359,"Yes",2013,"2013",2013,2013,"","","interior","Aroostook"
"294","349B","349",5133111,470841,"Yes",2005,"2013",2013,2009,"Farm Island","","interior","Piscataquis"
"295","350A","350",5044900,568921,"Yes",2002,"2013",2013,2013,"","","interior","Penobscot"
"296","351B","351",4865505,435550,"Yes",2012,"2014",2014,2014,"Days Ferry shoreline","","coastal","Sagadahoc"
"297","352C","352",4935200,617235,"Yes",2009,"2013",2013,2013,"Little Spruce Island","","coastal","Washington"
"298","353D","353",4993152,628817,"Yes",2008,"2013",2013,2013,"Eaton Point","","interior","Washington"
"299","354A","354",4984464,505134,"Yes",2002,"2013",2013,2013,"","","interior","Penobscot"
"300","355C","355",5014474,473708,"Yes",2013,"2013",2013,2013,"","","interior","Piscataquis"
"301","359D","359",4975612,655769,"Yes",2013,"2013",2013,2013,"Matthews Island","","coastal","Washington"
"302","360A","360",4948180,561407,"Yes",2002,"2013",2013,2013,"Crimmins Island","","interior","Hancock"
"303","362C","362",4912183,509118,"Yes",2008,"2013",2013,2013,"Meadow Pond Road upland","","coastal","Waldo"
"304","363A","363",5125981,506913,"Yes",2002,"2013",2013,2013,"","","interior","Piscataquis"
"305","364C","364",5180773,435729,"Yes",2013,"2013",2013,2013,"","","interior","Aroostook"
"306","365B","365",4959594,347940,"Yes",2008,"2013",2013,2013,"","","interior","Oxford"
"307","366C","366",4957415,651673,"Yes",2012,"2013",2013,2012,"The Pool shoreline","","coastal","Washington"
"308","367A","367",5162343,515544,"Yes",2002,"2013",2013,2013,"","","interior","Aroostook"
"309","368A","368",5120800,473207,"Yes",2002,"2013",2013,2009,"","","interior","Piscataquis"
"310","369A","369",4942894,542237,"Yes",2002,"2013",2013,2013,"Scotts Neck","","interior","Hancock"
"311","370D","370",4888571,540918,"Yes",2013,"2013",2013,2013,"Irish Point vicinity","","coastal","Hancock"
"312","371A","371",4904350,514081,"Yes",2002,"2013",2013,2013,"Western Island","","coastal","Hancock"
"313","372B","372",5098665,587635,"Yes",2010,"2013",2013,2010,"","","interior","Aroostook"
"314","373C","373",4930123,596630,"Yes",2013,"2013",2013,2013,"Narrows Island","","coastal","Washington"
"315","374B","374",4894621,527992,"Yes",2005,"2013",2013,2013,"Current Island","","coastal","Hancock"
"316","375C","375",4888520,523195,"Yes",2007,"2013",2013,2013,"Second Island","","coastal","Hancock"
"317","376A","376",4858800,386158,"Yes",2002,"2013",2013,2013,"Horse Island","","interior","Cumberland"
"318","377A","377",5008616,421975,"Yes",2002,"2013",2013,2013,"","","interior","Somerset"
"319","378B","378",4982004,616057,"Yes",2013,"2013",2013,2013,"Love Lake outlet vicinity","","interior","Washington"
"320","379D","379",4862212,430070,"Yes",2012,"2014",2014,2014,"","","coastal","Cumberland"
"321","380B","380",4981665,430816,"Yes",2007,"2013",2013,2013,"","","interior","Somerset"
"322","381B","381",4972024,645912,"Yes",2011,"2013",2013,2013,"Little Dram Island","","coastal","Washington"
"323","382B","382",4955989,484113,"Yes",2013,"2013",2013,0,"","No documented occupancy by eagles during surveys conducted through 2013 at this nest.","interior","Penobscot"
"324","383A","383",4913290,451996,"Yes",2003,"2013",2013,2013,"","","interior","Kennebec"
"325","384A","384",5070055,581747,"Yes",2003,"2013",2013,2013,"","","interior","Aroostook"
"326","385B","385",5053985,516449,"Yes",2013,"2013",2013,2013,"","","interior","Penobscot"
"327","386C","386",5026986,538813,"Yes",2013,"2013",2013,2013,"","","interior","Penobscot"
"328","387C","387",5048167,542164,"Yes",2013,"2013",2013,2013,"","","interior","Penobscot"
"329","389A","389",5071090,471555,"Yes",2003,"2013",2013,2013,"","","interior","Piscataquis"
"330","390B","390",5108995,485324,"Yes",2008,"2013",2013,2013,"","","interior","Piscataquis"
"331","391E","391",4899676,533315,"Yes",2009,"2013",2013,2013,"Lower Torrey Island","","coastal","Hancock"
"332","392A","392",4959000,504118,"Yes",2003,"2013",2013,2013,"","","interior","Penobscot"
"333","393A","393",4937178,523408,"Yes",2003,"2013",2013,2013,"","","interior","Hancock"
"334","394C","394",4902598,525128,"Yes",2005,"2013",2013,2013,"Carney Island","","coastal","Hancock"
"335","395B","395",4858972,489989,"Yes",2006,"2013",2013,2013,"Metenic Island","","coastal","Knox"
"336","396A","396",4847760,429110,"Yes",2003,"2013",2013,2013,"Bear Island","","coastal","Sagadahoc"
"337","397B","397",4890082,430446,"Yes",2006,"2014",2014,2014,"","","interior","Kennebec"
"338","398B","398",4976942,363521,"Yes",2009,"2013",2013,2013,"","","interior","Franklin"
"339","399A","399",5168290,582552,"Yes",2003,"2013",2013,2003,"","OSPREYS TRADTL & SINCE 2003","interior","Aroostook"
"340","400A","400",4874007,469087,"Yes",2003,"2013",2013,2013,"Hardy Island","","coastal","Lincoln"
"341","401B","401",4926204,592722,"Yes",2006,"2013",2013,2013,"Trafton Island","","coastal","Washington"
"342","402A","402",4883520,539131,"Yes",2003,"2013",2013,2013,"Marshall Island - Boxam Cove shoreline","","coastal","Hancock"
"343","403B","403",4893827,470617,"Yes",2010,"2013",2013,2013,"Cottage Point","","interior","Lincoln"
"344","404A","404",4904208,470567,"Yes",2003,"2013",2013,2013,"","","interior","Lincoln"
"345","405A","405",4909882,404875,"Yes",2003,"2013",2013,2012,"","","interior","Androscoggin"
"346","406B","406",4883812,476700,"Yes",2010,"2013",2013,2013,"South Pond upland - Finntown Road","","interior","Knox"
"347","407D","407",4890970,412232,"Yes",2011,"2013",2013,2013,"","","interior","Androscoggin"
"348","408B","408",4889238,403079,"Yes",2007,"2014",2014,2014,"","","interior","Androscoggin"
"349","409A","409",4893748,478436,"Yes",2004,"2013",2013,2013,"","","interior","Knox"
"350","410D","410",4907334,428977,"Yes",2011,"2014",2014,2014,"Hersey Island","","interior","Kennebec"
"351","412B","412",4926554,404228,"Yes",2012,"2013",2013,2013,"Kennebec River shoreline","","interior","Franklin"
"352","413B","413",4972599,655344,"Yes",2013,"2013",2013,2013,"","","coastal","Washington"
"353","414B","414",4957465,445216,"Yes",2009,"2013",2013,2013,"","","interior","Somerset"
"354","416B","416",4931487,438526,"Yes",2006,"2013",2013,2013,"Town Farm Road shoreline","","interior","Kennebec"
"355","417B","417",4935046,558055,"Yes",2004,"2013",2013,2013,"Butler Point vicinity","","coastal","Hancock"
"356","418C","418",4941741,601278,"Yes",2004,"2013",2013,2010,"","","coastal","Washington"
"357","419B","419",4937357,595465,"Yes",2007,"2013",2013,2013,"Lord Island","","coastal","Washington"
"358","421A","421",4921804,521861,"Yes",2004,"2013",2013,2013,"Aunt Mollie Island","","coastal","Hancock"
"359","422C","422",4917901,521665,"Yes",2009,"2013",2013,2013,"Johnson Point","","coastal","Hancock"
"360","423A","423",4928344,475037,"Yes",2004,"2013",2013,2013,"","","interior","Waldo"
"361","424A","424",4863527,442011,"Yes",2004,"2013",2013,2013,"Oak Island","","coastal","Sagadahoc"
"362","425B","425",4967783,649032,"Yes",2003,"2013",2013,2013,"Pirate Islands","","coastal","Washington"
"363","426A","426",4970734,649446,"Yes",2004,"2013",2013,2013,"Gilbert Island","","coastal","Washington"
"364","427A","427",4940940,637618,"Yes",2000,"2013",2013,2013,"Inner Double Head Shot Island","","coastal","Washington"
"365","428A","428",4937476,620312,"Yes",2004,"2013",2013,2013,"Bar Island","","coastal","Washington"
"366","429E","429",4892382,543148,"Yes",2011,"2013",2013,2013,"Garden Island","","coastal","Hancock"
"367","430D","430",4895456,543204,"Yes",2011,"2013",2013,2013,"Eagle Island","","coastal","Hancock"
"368","431A","431",4870678,446111,"Yes",2004,"2013",2013,2011,"Birch Point Road vicinity","","coastal","Lincoln"
"369","432B","432",4844244,438462,"Yes",2008,"2013",2013,2013,"Stage Island","","coastal","Sagadahoc"
"370","433B","433",4979207,415787,"Yes",2007,"2013",2013,2013,"","","interior","Somerset"
"371","434C","434",5037837,461070,"Yes",2007,"2013",2013,2013,"","","interior","Piscataquis"
"372","435A","435",4935364,592764,"Yes",2004,"2013",2013,2013,"","","coastal","Washington"
"373","436A","436",5054622,408952,"Yes",2004,"2013",2013,2013,"Long Pond shoreline","","interior","Somerset"
"374","437A","437",4967431,565884,"Yes",2004,"2013",2013,2013,"","","interior","Hancock"
"375","439A","439",5063724,499224,"Yes",2004,"2013",2013,2009,"","","interior","Piscataquis"
"376","440B","440",5058016,503865,"Yes",2013,"2013",2013,2013,"","","interior","Penobscot"
"377","441A","441",5111000,462269,"Yes",2004,"2013",2013,2013,"","","interior","Piscataquis"
"378","442A","442",4961895,637238,"Yes",2004,"2013",2013,2011,"","","interior","Washington"
"379","443C","443",4915562,442017,"Yes",2013,"2013",2013,2013,"","","interior","Kennebec"
"380","444A","444",5052518,398900,"Yes",2004,"2013",2013,2013,"","","interior","Somerset"
"381","445A","445",4903647,558467,"Yes",2004,"2013",2013,2013,"Bear Island","","coastal","Hancock"
"382","446B","446",5028872,596214,"Yes",2013,"2013",2013,2013,"","","interior","Washington"
"383","447A","447",5212786,544920,"Yes",1994,"2013",2013,2013,"","","interior","Aroostook"
"384","448A","448",5031697,543272,"Yes",2004,"2013",2013,2013,"","","interior","Penobscot"
"385","449A","449",5081660,553686,"Yes",2004,"2013",2013,2013,"","","interior","Aroostook"
"386","450A","450",5125532,536491,"Yes",2004,"2013",2013,2013,"Cut Lake shoreline","","interior","Penobscot"
"387","452A","452",4956956,597243,"Yes",2004,"2013",2013,2013,"","","interior","Washington"
"388","453B","453",4867555,360548,"Yes",2009,"2013",2013,2013,"","","interior","Cumberland"
"389","454A","454",4877520,390304,"Yes",2004,"2014",2014,2014,"","","interior","Androscoggin"
"390","455A","455",5172331,580426,"Yes",2004,"2013",2013,2013,"","","interior","Aroostook"
"391","456B","456",4948332,531679,"Yes",2008,"2013",2013,2013,"","","interior","Hancock"
"392","457B","457",4967564,525343,"Yes",2011,"2013",2013,2013,"Penobscot River upland","","interior","Penobscot"
"393","458A","458",4924844,550999,"Yes",2005,"2014",2014,2014,"Jordan River shoreline","","coastal","Hancock"
"394","459D","459",4867584,430793,"Yes",2009,"2014",2014,2014,"Stoney Island","","coastal","Sagadahoc"
"395","460A","460",4998727,529564,"Yes",2005,"2013",2013,2013,"","","interior","Penobscot"
"396","461A","461",5066218,514902,"Yes",2005,"2013",2013,2013,"Millinocket Lake islet","","interior","Penobscot"
"397","462A","462",5039853,521112,"Yes",2005,"2013",2013,2013,"","","interior","Penobscot"
"398","463A","463",4980102,533713,"Yes",2005,"2013",2013,2012,"Pine Point","","interior","Penobscot"
"399","464B","464",4957111,516546,"Yes",2013,"2013",2013,2013,"Penobscot River shoreline","","coastal","Penobscot"
"400","465B","465",4896721,453917,"Yes",2010,"2013",2013,2012,"Clary Lake shoreline","","interior","Lincoln"
"401","466B","466",4925023,395400,"Yes",2006,"2013",2013,2012,"Androscoggin River shoreline","","interior","Oxford"
"402","467A","467",4997623,565079,"Yes",2005,"2013",2013,2013,"","","interior","Hancock"
"403","468A","468",5018118,545999,"Yes",2005,"2013",2013,2013,"Upper Pond shoreline","","interior","Penobscot"
"404","470B","470",4885862,523451,"Yes",2007,"2013",2013,2013,"Scraggy Island","","coastal","Hancock"
"405","471C","471",4877468,516376,"Yes",2008,"2013",2013,2013,"Narrows Island","","coastal","Knox"
"406","472B","472",4873311,495257,"Yes",2010,"2013",2013,2013,"High Island","","coastal","Knox"
"407","473B","473",4897878,511908,"Yes",2007,"2013",2013,2013,"Little Spruce Head Island","","coastal","Hancock"
"408","475C","475",4935349,587455,"Yes",2010,"2013",2013,2013,"","","coastal","Washington"
"409","476A","476",5051349,582464,"Yes",2005,"2013",2013,2013,"Kittery Island","","interior","Washington"
"410","478D","478",4896899,530817,"Yes",2010,"2013",2013,2013,"Campbell Island","","coastal","Hancock"
"411","479B","479",4894950,535274,"Yes",2013,"2013",2013,2013,"Potato Island","","coastal","Hancock"
"412","480C","480",4887087,509365,"Yes",2008,"2013",2013,2013,"Cox Cove shoreline","","coastal","Knox"
"413","481B","481",4881599,507025,"Yes",2013,"2013",2013,2013,"Dogfish Island","","coastal","Knox"
"414","482A","482",5027201,398699,"Yes",2005,"2013",2013,2013,"","","interior","Somerset"
"415","483C","483",5004669,388330,"Yes",2012,"2013",2013,2013,"","","interior","Somerset"
"416","484A","484",5127931,460203,"Yes",2005,"2013",2013,2013,"","","interior","Piscataquis"
"417","485C","485",4968785,649335,"Yes",2010,"2013",2013,2013,"Parker Island","","coastal","Washington"
"418","486B","486",4995782,343539,"Yes",2010,"2013",2013,2013,"","","interior","Oxford"
"419","487C","487",5125763,517023,"Yes",2012,"2013",2013,2013,"","","interior","Penobscot"
"420","488A","488",4824581,348174,"Yes",2005,"2013",2013,2013,"Treasure Island","","interior","York"
"421","490B","490",4926340,615042,"Yes",2008,"2013",2013,2013,"Green Island","","coastal","Washington"
"422","491D","491",4929814,447651,"Yes",2013,"2013",2013,0,"","No documented occupancy by eagles during surveys conducted through 2013 at this nest.","interior","Kennebec"
"423","492A","492",5014637,612736,"Yes",2006,"2013",2013,2013,"","","interior","Washington"
"424","493A","493",5002235,643864,"Yes",2006,"2013",2013,2013,"","","coastal","Washington"
"425","494A","494",4862417,436134,"Yes",2006,"2014",2014,2014,"Read Island","","coastal","Sagadahoc"
"426","495A","495",4992489,611459,"Yes",2006,"2013",2013,2013,"","","interior","Washington"
"427","496C","496",4974980,642150,"Yes",2013,"2013",2013,2013,"","","coastal","Washington"
"428","497C","497",4846271,415064,"Yes",2012,"2013",2013,2013,"Little Whaleboat Island","","coastal","Cumberland"
"429","498C","498",5050439,535971,"Yes",2013,"2013",2013,2013,"Nicatou Island","","interior","Penobscot"
"430","499B","499",4870576,480960,"Yes",2011,"2013",2013,2013,"Tenpound Island","","coastal","Knox"
"431","500C","500",4936948,514982,"Yes",2012,"2013",2013,2013,"","","coastal","Hancock"
"432","501C","501",4852144,508760,"Yes",2010,"2013",2013,2013,"Ragged Island","","coastal","Knox"
"433","502B","502",4923214,586468,"Yes",2008,"2013",2013,2013,"Sally Island","","coastal","Washington"
"434","503A","503",4940513,574969,"Yes",2006,"2013",2013,2013,"","","interior","Hancock"
"435","504D","504",4873489,531438,"Yes",2012,"2013",2013,2013,"Eastern Ear","","coastal","Knox"
"436","505D","505",4887900,549665,"Yes",2013,"2013",2013,2013,"West Sister Island","","coastal","Hancock"
"437","506A","506",4915386,572625,"Yes",2006,"2013",2013,2011,"Harbor Point","","coastal","Hancock"
"438","507B","507",4972727,639408,"Yes",2013,"2013",2013,2013,"","","coastal","Washington"
"439","508B","508",4890982,542046,"Yes",2009,"2013",2013,2013,"Hen Island","","coastal","Hancock"
"440","509C","509",4990261,429680,"Yes",2012,"2013",2013,2013,"","","interior","Somerset"
"441","510A","510",4879490,403889,"Yes",2006,"2014",2014,2014,"","","interior","Androscoggin"
"442","511B","511",4946493,557326,"Yes",2013,"2013",2013,2013,"","","interior","Hancock"
"443","512A","512",4933001,453283,"Yes",2006,"2013",2013,2013,"","","interior","Kennebec"
"444","513B","513",4962800,469050,"Yes",2006,"2013",2013,2013,"","","interior","Somerset"
"445","514A","514",4965998,431133,"Yes",2006,"2013",2013,2013,"","","interior","Somerset"
"446","515A","515",5089077,404287,"Yes",2006,"2013",2013,2013,"Dingley Pond island","","interior","Somerset"
"447","517A","517",4987348,635785,"Yes",2006,"2013",2013,2013,"","","interior","Washington"
"448","518B","518",5167696,574127,"Yes",2010,"2013",2013,2013,"","","interior","Aroostook"
"449","519B","519",4952304,384346,"Yes",2013,"2013",2013,2013,"","","interior","Franklin"
"450","520A","520",4959416,656514,"Yes",2006,"2013",2013,2013,"Boot Head","","coastal","Washington"
"451","521C","521",4934489,526888,"Yes",2012,"2013",2013,2013,"","","interior","Hancock"
"452","522B","522",4872820,428904,"Yes",2008,"2013",2013,2013,"Wallentine Road shoreline","","coastal","Sagadahoc"
"453","523A","523",4924745,356745,"Yes",2007,"2013",2013,2013,"","","interior","Oxford"
"454","524A","524",4938305,585334,"Yes",2007,"2013",2013,2013,"","","coastal","Washington"
"455","525A","525",4976217,640603,"Yes",2007,"2013",2013,2013,"","","coastal","Washington"
"456","526B","526",4969462,649190,"Yes",2007,"2013",2013,2013,"Gooseberry Island","","coastal","Washington"
"457","527B","527",4978703,527413,"Yes",2013,"2013",2013,2013,"Orson Island","","interior","Penobscot"
"458","528A","528",4931768,568715,"Yes",2007,"2013",2013,2013,"","","interior","Hancock"
"459","529A","529",4862925,371350,"Yes",2007,"2014",2014,2014,"Outer Island","","interior","Cumberland"
"460","530A","530",4848168,424371,"Yes",2007,"2013",2013,2013,"Ice Pond","","coastal","Cumberland"
"461","531A","531",4870017,431139,"Yes",2005,"2014",2014,2014,"Brick Island","","coastal","Sagadahoc"
"462","533A","533",4993463,567024,"Yes",2007,"2013",2013,2013,"Sand Island","","interior","Hancock"
"463","534A","534",4943735,411143,"Yes",2007,"2013",2013,2013,"Sandy River shoreline","","interior","Franklin"
"464","535C","535",4938397,545716,"Yes",2009,"2013",2013,2013,"Grahm Dam vicinity islet","","interior","Hancock"
"465","536A","536",5227985,578066,"Yes",2007,"2013",2013,2013,"","","interior","Aroostook"
"466","537A","537",4914862,408274,"Yes",2007,"2013",2013,2013,"","","interior","Androscoggin"
"467","538B","538",4922471,444946,"Yes",2013,"2013",2013,2013,"West River Road shoreline, Sidney","","coastal","Kennebec"
"468","539A","539",4936300,434723,"Yes",2007,"2013",2013,2013,"Eagle Crest Lane shoreline","","interior","Kennebec"
"469","540B","540",4941429,460511,"Yes",2012,"2013",2013,2013,"","","interior","Kennebec"
"470","541C","541",4896196,438944,"Yes",2011,"2013",2013,2013,"Tarbox Flats upland","","coastal","Kennebec"
"471","542B","542",4944542,601866,"Yes",2008,"2013",2013,2013,"","","coastal","Washington"
"472","543A","543",4999095,469856,"Yes",2007,"2013",2013,2013,"","","interior","Piscataquis"
"473","544A","544",4897739,503263,"Yes",2007,"2013",2013,2013,"East Ensign Island","","coastal","Waldo"
"474","545A","545",4972978,648745,"Yes",2007,"2013",2013,2013,"","","coastal","Washington"
"475","546C","546",4928450,574313,"Yes",2013,"2013",2013,2013,"","","interior","Hancock"
"476","548A","548",5180717,455262,"Yes",2007,"2013",2013,2013,"","","interior","Aroostook"
"477","549B","549",4823903,375303,"Yes",2008,"2013",2013,2013,"","","interior","York"
"478","550A","550",5062990,562476,"Yes",2007,"2013",2013,2013,"","","interior","Aroostook"
"479","551B","551",5040669,449853,"Yes",2012,"2013",2013,2013,"Moose Island","","interior","Piscataquis"
"480","553A","553",4924421,556115,"Yes",2007,"2013",2013,2013,"","","coastal","Hancock"
"481","554B","554",4888170,529314,"Yes",2011,"2013",2013,2013,"Camp Island","","coastal","Hancock"
"482","555C","555",4933533,449138,"Yes",2011,"2013",2013,2013,"","","interior","Kennebec"
"483","556A","556",4859579,464690,"Yes",2008,"2013",2013,2013,"Haddock Island","","coastal","Lincoln"
"484","557A","557",4966938,513550,"Yes",2008,"2013",2013,2013,"","","interior","Penobscot"
"485","558A","558",4884277,450386,"Yes",2008,"2013",2013,2013,"","","interior","Lincoln"
"486","559A","559",4952092,437773,"Yes",2008,"2013",2013,2013,"","","interior","Somerset"
"487","560A","560",5048537,389946,"Yes",2008,"2013",2013,2013,"","","interior","Somerset"
"488","562B","562",4874788,406134,"Yes",2009,"2014",2014,2014,"","","interior","Androscoggin"
"489","563B","563",4868636,445597,"Yes",2010,"2013",2013,2013,"Berry Island","","coastal","Lincoln"
"490","564D","564",4930815,611251,"Yes",2011,"2013",2013,2013,"French House Island","","coastal","Washington"
"491","565A","565",4929788,515366,"Yes",2008,"2013",2013,2013,"","","coastal","Waldo"
"492","566B","566",4981502,358904,"Yes",2010,"2013",2013,2010,"","","interior","Franklin"
"493","567A","567",4962178,341342,"Yes",2008,"2013",2013,2013,"","","interior","Oxford"
"494","568A","568",4911065,439802,"Yes",2008,"2013",2013,2013,"Patrick Street shoreline","","coastal","Kennebec"
"495","570A","570",4970999,651520,"Yes",2008,"2013",2013,2013,"","","coastal","Washington"
"496","571A","571",4963329,658752,"Yes",2008,"2013",2013,2013,"","","coastal","Washington"
"497","572B","572",4872395,527722,"Yes",2009,"2013",2013,2011,"Western Ear","","coastal","Knox"
"498","573A","573",4926332,540970,"Yes",2008,"2013",2013,2013,"Newbury Neck Road shoreline","","coastal","Hancock"
"499","574A","574",4891152,552734,"Yes",2008,"2013",2013,2013,"Black Island","","coastal","Hancock"
"500","575B","575",4887423,533472,"Yes",2013,"2013",2013,2013,"Enchanted Island","","coastal","Hancock"
"501","576A","576",4941286,633267,"Yes",2008,"2013",2013,2013,"Cross Island - Northwest Head","","coastal","Washington"
"502","577A","577",4929812,616901,"Yes",2008,"2013",2013,2013,"Head Harbor Island","","coastal","Washington"
"503","578A","578",4878355,484633,"Yes",2008,"2013",2013,2013,"Segochet Lane shoreline","","coastal","Knox"
"504","579B","579",4857556,455801,"Yes",2012,"2013",2013,2013,"Witch Island","","coastal","Lincoln"
"505","580B","580",4893912,428325,"Yes",2012,"2014",2014,2014,"Horseshoe Pond island","","interior","Kennebec"
"506","581A","581",4981321,600557,"Yes",2008,"2013",2013,2013,"","","interior","Washington"
"507","582B","582",4887705,517381,"Yes",2011,"2013",2013,2013,"Babbidge Island","","coastal","Knox"
"508","583A","583",4970742,490994,"Yes",2008,"2013",2013,2013,"","","interior","Penobscot"
"509","584A","584",5002810,529709,"Yes",2008,"2013",2013,2012,"","","interior","Penobscot"
"510","585A","585",5178176,479229,"Yes",2008,"2013",2013,2013,"","","interior","Aroostook"
"511","586A","586",4932193,380176,"Yes",2008,"2013",2013,2013,"","","interior","Oxford"
"512","587C","587",4910637,423926,"Yes",2011,"2013",2013,2013,"","","interior","Kennebec"
"513","588B","588",4851609,426725,"Yes",2012,"2013",2013,2013,"Snow Island","","coastal","Cumberland"
"514","589B","589",4849163,445630,"Yes",2010,"2013",2013,2013,"Lower Mark Island","","coastal","Lincoln"
"515","590B","590",5030587,498926,"Yes",2013,"2013",2013,2013,"","","interior","Piscataquis"
"516","591B","591",4931134,441409,"Yes",2013,"2013",2013,2013,"Brown Island","","interior","Kennebec"
"517","592A","592",4922774,573458,"Yes",2008,"2013",2013,2013,"","","interior","Hancock"
"518","593A","593",5004446,601602,"Yes",2008,"2013",2013,2013,"","","interior","Washington"
"519","594A","594",5134840,500675,"Yes",2008,"2013",2013,2010,"","","interior","Piscataquis"
"520","595A","595",5145408,523187,"Yes",2008,"2013",2013,2010,"","","interior","Aroostook"
"521","597B","597",4880076,435552,"Yes",2012,"2014",2014,2014,"","","coastal","Sagadahoc"
"522","598B","598",4952180,625839,"Yes",2013,"2013",2013,2013,"Crocker Point vicinity","","coastal","Washington"
"523","599A","599",4873668,412437,"Yes",2009,"2014",2014,2014,"","","interior","Androscoggin"
"524","601B","601",4889607,439425,"Yes",2011,"2014",2014,2014,"","","coastal","Kennebec"
"525","602A","602",4864804,476467,"Yes",2009,"2013",2013,2013,"Caldwell Island","","coastal","Knox"
"526","603B","603",5221858,460326,"Yes",2009,"2013",2013,2013,"","","interior","Aroostook"
"527","604A","604",4863862,426981,"Yes",2009,"2013",2013,2013,"Cornish Island","","coastal","Sagadahoc"
"528","605A","605",4967687,654563,"Yes",2009,"2013",2013,2013,"Scrub Island","","coastal","Washington"
"529","606B","606",4929770,601480,"Yes",2011,"2013",2013,2013,"Dyer Island","","coastal","Washington"
"530","607A","607",4879680,438868,"Yes",2009,"2014",2014,2014,"Eastern River shoreline / James Eddy Road vicinity","","coastal","Lincoln"
"531","608A","608",4928175,616932,"Yes",2007,"2013",2013,2013,"Big Peabody Island","","coastal","Washington"
"532","609B","609",4931688,606069,"Yes",2013,"2013",2013,2013,"Sawyer Island","","coastal","Washington"
"533","610A","610",4921943,497349,"Yes",2009,"2013",2013,2013,"","","coastal","Waldo"
"534","611B","611",5010550,575424,"Yes",2013,"2013",2013,2013,"Birch Island","","interior","Washington"
"535","613A","613",5054269,519691,"Yes",2009,"2013",2013,2013,"Quakish Lake","","interior","Penobscot"
"536","614A","614",4940765,503044,"Yes",2009,"2013",2013,2013,"","","interior","Waldo"
"537","615A","615",5217642,550432,"Yes",2009,"2013",2013,2013,"","","interior","Aroostook"
"538","616A","616",5232661,554967,"Yes",2009,"2013",2013,2013,"Pelletier Island","","interior","Aroostook"
"539","617A","617",4973332,525287,"Yes",2009,"2014",2014,2014,"Stillwater Dam islet","","interior","Penobscot"
"540","618B","618",4885843,439245,"Yes",2010,"2014",2014,2014,"","","coastal","Lincoln"
"541","619A","619",5022431,542920,"Yes",2009,"2013",2013,2013,"Crooked Pond shoreline","","interior","Penobscot"
"542","620B","620",5015508,550454,"Yes",2013,"2013",2013,2013,"Madagascal Pond","","interior","Penobscot"
"543","621A","621",4882896,458589,"Yes",2006,"2013",2013,2013,"Hoe Island","","interior","Lincoln"
"544","622A","622",5165203,544975,"Yes",2009,"2013",2013,2013,"","","interior","Aroostook"
"545","623A","623",4934063,599119,"Yes",2009,"2013",2013,2011,"","","coastal","Washington"
"546","624A","624",4950268,588135,"Yes",2009,"2013",2013,2011,"","","interior","Washington"
"547","625A","625",4862891,421255,"Yes",2009,"2014",2014,2014,"Riverside Cemetary","","coastal","Cumberland"
"548","626A","626",4884095,402074,"Yes",2009,"2014",2014,2014,"","","interior","Androscoggin"
"549","627A","627",5033174,545123,"Yes",2009,"2013",2013,2013,"Penobscot River shoreline","","interior","Penobscot"
"550","628B","628",5049174,537958,"Yes",2013,"2013",2013,2013,"Penobscot River shoreline","","interior","Penobscot"
"551","629A","629",5011724,542758,"Yes",2009,"2013",2013,2013,"","","interior","Penobscot"
"552","630C","630",4897700,416853,"Yes",2012,"2013",2013,2013,"","","interior","Kennebec"
"553","631A","631",4936476,559573,"Yes",2009,"2013",2013,2013,"Julius Darling Point shoreline","","coastal","Hancock"
"554","632B","632",4852054,375797,"Yes",2011,"2013",2013,2013,"Harmon Beach area","","interior","Cumberland"
"555","633C","633",4885922,550837,"Yes",2013,"2013",2013,2013,"Harbor Island","","coastal","Hancock"
"556","634A","634",4901215,438536,"Yes",2010,"2014",2014,2014,"Hunts Hill shoreline","","coastal","Kennebec"
"557","635A","635",4926884,445841,"Yes",2010,"2013",2013,2013,"West River Road shoreline, North Sidney","","coastal","Kennebec"
"558","636A","636",4925585,577794,"Yes",2008,"2013",2013,2013,"","","coastal","Hancock"
"559","637A","637",4853870,420799,"Yes",2010,"2013",2013,2013,"Little Iron Island","","coastal","Cumberland"
"560","638A","638",4903767,458450,"Yes",2010,"2013",2013,2013,"","","interior","Kennebec"
"561","639B","639",4867306,453732,"Yes",2011,"2013",2013,2013,"Merry Island","","coastal","Lincoln"
"562","640A","640",4924188,564472,"Yes",2010,"2013",2013,2013,"Dram Island","","coastal","Hancock"
"563","641A","641",4951027,478663,"Yes",2010,"2013",2013,2013,"Carlton Pond island","","interior","Waldo"
"564","642A","642",5107136,535071,"Yes",2010,"2013",2013,2013,"Upper Shin Pond shoreline","","interior","Penobscot"
"565","643A","643",4951463,449115,"Yes",2010,"2013",2013,2013,"Kennebec River shoreline","","interior","Somerset"
"566","644A","644",4841747,404410,"Yes",2010,"2013",2013,2013,"Clapboard Island","","coastal","Cumberland"
"567","645B","645",4873068,448682,"Yes",2013,"2013",2013,0,"","No documented occupancy by eagles during surveys conducted through 2013 at this nes newly built that year.","coastal","Lincoln"
"568","646A","646",4909400,549771,"Yes",2010,"2013",2013,2013,"","","coastal","Hancock"
"569","647B","647",5177287,571870,"Yes",2013,"2013",2013,2013,"","","interior","Aroostook"
"570","648A","648",5012155,484563,"Yes",2010,"2013",2013,2013,"Pine Island","","interior","Piscataquis"
"571","649B","649",4973383,348648,"Yes",2013,"2013",2013,2013,"Beaver Island","","interior","Oxford"
"572","650B","650",5080295,457120,"Yes",2012,"2013",2013,2013,"Sunset Point vicinity","","interior","Piscataquis"
"573","651A","651",5056510,472568,"Yes",2010,"2013",2013,2013,"Second Inlet shoreline","","interior","Piscataquis"
"574","652A","652",4914023,535101,"Yes",2011,"2013",2013,2012,"The Nub","A traditional osprey nest taken over by eagles but since reverted back to ospreys.","coastal","Hancock"
"575","653A","653",4855761,441180,"Yes",2011,"2013",2013,2011,"Blacksmithshop Ledge","","coastal","Sagadahoc"
"576","654B","654",4919868,487604,"Yes",2012,"2013",2013,2013,"","A traditional osprey nest taken over by eagles.","interior","Waldo"
"577","656A","656",4857029,420472,"Yes",2011,"2013",2013,2013,"Merepoint Neck","","coastal","Cumberland"
"578","657A","657",4927467,390703,"Yes",2011,"2013",2013,2013,"","","interior","Oxford"
"579","659A","659",5014408,458033,"Yes",2011,"2013",2013,2013,"","","interior","Piscataquis"
"580","660A","660",4890357,493793,"Yes",2011,"2013",2013,2013,"","","coastal","Knox"
"581","661A","661",4850360,431593,"Yes",2011,"2013",2013,2013,"","","coastal","Sagadahoc"
"582","662A","662",4841309,427615,"Yes",2011,"2013",2013,2013,"Mark Island","","coastal","Cumberland"
"583","663A","663",4970377,560812,"Yes",2011,"2013",2013,2013,"","","interior","Hancock"
"584","664B","664",4967738,627512,"Yes",2013,"2013",2013,2013,"","","interior","Washington"
"585","665A","665",4926348,594184,"Yes",2011,"2013",2013,2013,"Tommy Island","","coastal","Washington"
"586","666C","666",5022850,534716,"Yes",2013,"2013",2013,2013,"","","interior","Penobscot"
"587","667A","667",4900893,371810,"Yes",2011,"2013",2013,2013,"","","interior","Oxford"
"588","668A","668",4982569,568673,"Yes",2011,"2013",2013,2013,"","","interior","Hancock"
"589","669B","669",4893130,551275,"Yes",2013,"2013",2013,2013,"Placentia Island","","coastal","Hancock"
"590","670A","670",5011586,508328,"Yes",2011,"2013",2013,2013,"","","interior","Piscataquis"
"591","671A","671",4916763,421774,"Yes",2011,"2013",2013,2011,"","","interior","Kennebec"
"592","672A","672",4904772,535689,"Yes",2011,"2013",2013,2013,"","","coastal","Hancock"
"593","673A","673",4927800,427053,"Yes",2011,"2013",2013,2013,"Green Island","","interior","Kennebec"
"594","674A","674",5241873,562198,"Yes",2011,"2013",2013,2013,"","","interior","Aroostook"
"595","675A","675",4964171,438798,"Yes",2012,"2013",2013,2013,"","","interior","Somerset"
"596","676A","676",4909768,496468,"Yes",2012,"2013",2013,2013,"Pitcher Pond shoreline -","","coastal","Waldo"
"597","677A","677",4854517,418866,"Yes",2012,"2013",2013,2013,"Mere Point shoreline -","","coastal","Cumberland"
"598","678A","678",4946904,632592,"Yes",2012,"2013",2013,2013,"Sprague Neck","","coastal","Washington"
"599","679A","679",5162424,576380,"Yes",2012,"2013",2013,2013,"","","interior","Aroostook"
"600","680A","680",4931770,450876,"Yes",2012,"2013",2013,2013,"","","interior","Kennebec"
"601","681B","681",4840252,410302,"Yes",2013,"2013",2013,2013,"Hope Island","","coastal","Cumberland"
"602","682A","682",5020151,590537,"Yes",2012,"2013",2013,2013,"","","interior","Washington"
"603","683A","683",4984222,354610,"Yes",2012,"2013",2013,2013,"Birch Island","","interior","Oxford"
"604","684A","684",4953884,513147,"Yes",2013,"2013",2013,2013,"","","coastal","Penobscot"
"605","685A","685",4900351,478251,"Yes",2012,"2013",2013,2013,"Sennebec Pond shoreline - Lodge Lane area","","interior","Knox"
"606","686A","686",4881422,366040,"Yes",2012,"2013",2013,2013,"Loon Island","","interior","Cumberland"
"607","689A","689",4886435,428326,"Yes",2012,"2014",2014,2014,"","","interior","Kennebec"
"608","690B","690",4961585,517720,"Yes",2013,"2014",2014,2014,"","","interior","Penobscot"
"609","691A","691",5007845,395254,"Yes",2012,"2013",2013,2013,"","","interior","Somerset"
"610","692A","692",4945771,536957,"Yes",2013,"2013",2013,2013,"","","interior","Hancock"
"611","693A","693",4954310,626983,"Yes",2012,"2013",2013,2013,"The Rim vicinity","","coastal","Washington"
"612","694A","694",4971005,647396,"Yes",2013,"2013",2013,2013,"","","coastal","Washington"
"613","695C","695",4974503,643977,"Yes",2013,"2013",2013,2013,"","","coastal","Washington"
"614","696A","696",4922768,542814,"Yes",2013,"2013",2013,2013,"Newbury Neck Road shoreline","","coastal","Hancock"
"615","697B","697",4922334,592271,"Yes",2011,"2013",2013,2011,"Major's Head","","coastal","Washington"
"616","698A","698",5010045,467583,"Yes",2013,"2013",2013,2013,"","","interior","Piscataquis"
"617","699A","699",4939681,568149,"Yes",2013,"2013",2013,2013,"","","interior","Hancock"
"618","700A","700",4964943,577926,"Yes",2013,"2013",2013,2013,"","","interior","Washington"
"619","701A","701",4979117,554935,"Yes",2013,"2013",2013,2013,"","","interior","Hancock"
"620","702A","702",5015762,577136,"Yes",2012,"2013",2013,2013,"Bottle Island","","interior","Penobscot"
"621","703A","703",5006156,622960,"Yes",2013,"2013",2013,2013,"","","interior","Washington"
"622","704A","704",5021757,432809,"Yes",2013,"2013",2013,2013,"","","interior","Somerset"
"623","705A","705",4882567,464671,"Yes",2013,"2013",2013,2013,"","","interior","Lincoln"
"624","706D","706",4972447,642791,"Yes",2013,"2013",2013,2013,"","","coastal","Washington"
"625","707B","707",4970788,657006,"Yes",2013,"2013",2013,2013,"Rodgers Island","","coastal","Washington"
"626","708B","708",5116697,506285,"Yes",2013,"2013",2013,2013,"","","interior","Piscataquis"
"627","709A","709",4976121,648376,"Yes",2013,"2013",2013,2013,"","","coastal","Washington"
"628","710A","710",4939432,624800,"Yes",2013,"2013",2013,2013,"Hickey Island","","coastal","Washington"
"629","711A","711",4883235,350894,"Yes",2013,"2013",2013,2013,"","","interior","Oxford"
"630","712B","712",5092937,410790,"Yes",2013,"2013",2013,0,"","No documented occupancy by eagles during surveys conducted through 2013 at this nest.","interior","Somerset"
"631","713A","713",5111772,449210,"Yes",2013,"2013",2013,2013,"","","interior","Piscataquis"
"632","714A","714",5122644,462227,"Yes",2013,"2013",2013,2013,"","","interior","Piscataquis"
"633","715A","715",5150066,560768,"Yes",2013,"2013",2013,2013,"","","interior","Aroostook"
"634","716A","716",5088316,485919,"Yes",2013,"2013",2013,2013,"","","interior","Piscataquis"
"635","717A","717",4982337,577882,"Yes",2013,"2013",2013,2013,"","","interior","Hancock"
"636","718A","718",4973064,612902,"Yes",2013,"2013",2013,2013,"","","interior","Washington"
"637","719A","719",4909089,413188,"Yes",2013,"2013",2013,2013,"","","interior","Kennebec"
"638","720A","720",4967453,363321,"Yes",2013,"2013",2013,2013,"","","interior","Franklin"
"639","721A","721",4992260,526800,"Yes",2013,"2013",2013,2013,"","","interior","Penobscot"
"640","722A","722",5026663,469415,"Yes",2013,"2013",2013,2013,"","","interior","Piscataquis"
"641","723A","723",5005939,495036,"Yes",2013,"2013",2013,2013,"","","interior","Piscataquis"
"642","724A","724",5014148,518879,"Yes",2013,"2013",2013,2013,"","","interior","Penobscot"
"643","725A","725",4963076,409173,"Yes",2013,"2013",2013,2013,"","","interior","Franklin"
"644","726A","726",4945508,524976,"Yes",2013,"2013",2013,2013,"","","interior","Hancock"
"645","727A","727",4893271,552994,"Yes",2013,"2013",2013,2013,"Little Gott Island","","coastal","Hancock"
"646","728A","728",4976622,478589,"Yes",2013,"2013",2013,2013,"","","interior","Penobscot"
"647","729A","729",5042764,591889,"Yes",2013,"2013",2013,2013,"","","interior","Washington"
"648","730A","730",5102030,465796,"Yes",2013,"2013",2013,2013,"Brandy Pond inlet","","interior","Piscataquis"
"649","731A","731",4911835,466364,"Yes",2013,"2013",2013,2013,"sheepscott","","interior","Waldo"
"650","732A","732",4913189,476451,"Yes",2013,"2013",2013,2013,"crawford","","interior","Waldo"
"651","733A","733",4877722,380175,"Yes",2013,"2013",2013,2013,"thompson","","interior","Oxford"
"652","734B","734",4869901,383014,"Yes",2013,"2013",2013,2013,"crescent island","","interior","Cumberland"
"653","735A","735",5086550,528212,"Yes",2013,"2013",2013,2013,"East Branch of Penobscot River - mouth of Seboeis River","","interior","Penobscot"
"654","736A","736",4989947,525339,"Yes",2013,"2013",2013,2013,"ARGYLE UPLAND","","interior","Penobscot"
"655","737A","737",5005170,560482,"Yes",2013,"2013",2013,0,"","No documented occupancy by eagles during surveys conducted through 2013 at this nest.","interior","Hancock"
"656","738A","738",4999601,589101,"Yes",2013,"2013",2013,2013,"","","interior","Washington"
"657","739A","739",5175514,521043,"Yes",2013,"2013",2013,2013,"","","interior","Aroostook"
"658","740A","740",5128183,469259,"Yes",2013,"2013",2013,2013,"","","interior","Piscataquis"
"659","741A","741",5149558,453255,"Yes",2013,"2013",2013,2013,"","","interior","Piscataquis"
"660","742A","742",5087912,559061,"Yes",2013,"2013",2013,2013,"","","interior","Aroostook"
"661","743B","743",5006142,607501,"Yes",2013,"2013",2013,2013,"","","interior","Washington"
"662","744A","744",4926107,559225,"Yes",2013,"2013",2013,2013,"","","coastal","Hancock"
"663","745A","745",4877519,458046,"Yes",2014,"2014",2014,2014,"Tappen Island","","coastal","Lincoln"
